[{"model": "contenttypes.contenttype", "pk": 1, "fields": {"app_label": "admin", "model": "logentry"}}, {"model": "contenttypes.contenttype", "pk": 2, "fields": {"app_label": "auth", "model": "permission"}}, {"model": "contenttypes.contenttype", "pk": 3, "fields": {"app_label": "auth", "model": "user"}}, {"model": "contenttypes.contenttype", "pk": 4, "fields": {"app_label": "auth", "model": "group"}}, {"model": "contenttypes.contenttype", "pk": 5, "fields": {"app_label": "contenttypes", "model": "contenttype"}}, {"model": "contenttypes.contenttype", "pk": 6, "fields": {"app_label": "sessions", "model": "session"}}, {"model": "contenttypes.contenttype", "pk": 7, "fields": {"app_label": "vinmuebles", "model": "estado"}}, {"model": "contenttypes.contenttype", "pk": 8, "fields": {"app_label": "vinmuebles", "model": "fotossecundariasurls"}}, {"model": "contenttypes.contenttype", "pk": 9, "fields": {"app_label": "vinmuebles", "model": "tipodeinmueble"}}, {"model": "contenttypes.contenttype", "pk": 10, "fields": {"app_label": "vinmuebles", "model": "detalles"}}, {"model": "contenttypes.contenttype", "pk": 11, "fields": {"app_label": "vinmuebles", "model": "caracteristicasadicionales"}}, {"model": "contenttypes.contenttype", "pk": 12, "fields": {"app_label": "vinmuebles", "model": "tipodeoperacion"}}, {"model": "contenttypes.contenttype", "pk": 13, "fields": {"app_label": "vinmuebles", "model": "primeradivisionadministrativa"}}, {"model": "contenttypes.contenttype", "pk": 14, "fields": {"app_label": "vinmuebles", "model": "pais"}}, {"model": "contenttypes.contenttype", "pk": 15, "fields": {"app_label": "vinmuebles", "model": "usuario"}}, {"model": "contenttypes.contenttype", "pk": 16, "fields": {"app_label": "vinmuebles", "model": "divisa"}}, {"model": "contenttypes.contenttype", "pk": 17, "fields": {"app_label": "vinmuebles", "model": "cercanias"}}, {"model": "contenttypes.contenttype", "pk": 18, "fields": {"app_label": "vinmuebles", "model": "instalacionescomodidades"}}, {"model": "contenttypes.contenttype", "pk": 19, "fields": {"app_label": "vinmuebles", "model": "ofertadeinmueble"}}, {"model": "contenttypes.contenttype", "pk": 20, "fields": {"app_label": "vinmuebles", "model": "foto"}}, {"model": "vinmuebles.tipodeinmueble", "pk": 25, "fields": {"nombreTipoDeInmueble": "Casa"}}, {"model": "vinmuebles.tipodeinmueble", "pk": 26, "fields": {"nombreTipoDeInmueble": "Apartamento"}}, {"model": "vinmuebles.tipodeinmueble", "pk": 27, "fields": {"nombreTipoDeInmueble": "Quinta"}}, {"model": "vinmuebles.tipodeinmueble", "pk": 28, "fields": {"nombreTipoDeInmueble": "Terreno"}}, {"model": "vinmuebles.tipodeinmueble", "pk": 29, "fields": {"nombreTipoDeInmueble": "Local"}}, {"model": "vinmuebles.tipodeinmueble", "pk": 30, "fields": {"nombreTipoDeInmueble": "Comercio"}}, {"model": "vinmuebles.tipodeinmueble", "pk": 31, "fields": {"nombreTipoDeInmueble": "Oficina"}}, {"model": "vinmuebles.tipodeinmueble", "pk": 32, "fields": {"nombreTipoDeInmueble": "Informal"}}, {"model": "vinmuebles.tipodeoperacion", "pk": 7, "fields": {"nombreDelTipoDeOperacion": "Venta"}}, {"model": "vinmuebles.tipodeoperacion", "pk": 8, "fields": {"nombreDelTipoDeOperacion": "Alquiler"}}, {"model": "vinmuebles.divisa", "pk": 7, "fields": {"nombreMoneda": "Bol\u00edvar", "simbolo": "BS"}}, {"model": "vinmuebles.divisa", "pk": 8, "fields": {"nombreMoneda": "US Dollar", "simbolo": "$"}}, {"model": "vinmuebles.pais", "pk": 5, "fields": {"nombrePais": "Venezuela", "divisa": 7, "nacionalidad": "Venezolano"}}, {"model": "vinmuebles.pais", "pk": 6, "fields": {"nombrePais": "United States", "divisa": 8, "nacionalidad": "American"}}, {"model": "vinmuebles.estado", "pk": 51, "fields": {"nombreEstado": "Miranda", "pais": 5}}, {"model": "vinmuebles.estado", "pk": 52, "fields": {"nombreEstado": "Carabobo", "pais": 5}}, {"model": "vinmuebles.estado", "pk": 53, "fields": {"nombreEstado": "Lara", "pais": 5}}, {"model": "vinmuebles.estado", "pk": 54, "fields": {"nombreEstado": "M\u00e9rida", "pais": 5}}, {"model": "vinmuebles.estado", "pk": 55, "fields": {"nombreEstado": "Trujillo", "pais": 5}}, {"model": "vinmuebles.estado", "pk": 56, "fields": {"nombreEstado": "Distrito Capital", "pais": 5}}, {"model": "vinmuebles.estado", "pk": 57, "fields": {"nombreEstado": "Nueva Esparta", "pais": 5}}, {"model": "vinmuebles.estado", "pk": 58, "fields": {"nombreEstado": "Cojedes", "pais": 5}}, {"model": "vinmuebles.estado", "pk": 59, "fields": {"nombreEstado": "Apure", "pais": 5}}, {"model": "vinmuebles.estado", "pk": 60, "fields": {"nombreEstado": "Delta Amacuro", "pais": 5}}, {"model": "vinmuebles.estado", "pk": 61, "fields": {"nombreEstado": "Bol\u00edvar", "pais": 5}}, {"model": "vinmuebles.estado", "pk": 62, "fields": {"nombreEstado": "Amazonas", "pais": 5}}, {"model": "vinmuebles.estado", "pk": 63, "fields": {"nombreEstado": "Falc\u00f3n", "pais": 5}}, {"model": "vinmuebles.estado", "pk": 64, "fields": {"nombreEstado": "Portuguesa", "pais": 5}}, {"model": "vinmuebles.estado", "pk": 65, "fields": {"nombreEstado": "Aragua", "pais": 5}}, {"model": "vinmuebles.estado", "pk": 66, "fields": {"nombreEstado": "Vargas", "pais": 5}}, {"model": "vinmuebles.estado", "pk": 67, "fields": {"nombreEstado": "Zulia", "pais": 5}}, {"model": "vinmuebles.estado", "pk": 68, "fields": {"nombreEstado": "Barinas", "pais": 5}}, {"model": "vinmuebles.estado", "pk": 69, "fields": {"nombreEstado": "Gu\u00e1rico", "pais": 5}}, {"model": "vinmuebles.estado", "pk": 70, "fields": {"nombreEstado": "Sucre", "pais": 5}}, {"model": "vinmuebles.estado", "pk": 71, "fields": {"nombreEstado": "T\u00e1chira", "pais": 5}}, {"model": "vinmuebles.estado", "pk": 72, "fields": {"nombreEstado": "Yaracuy", "pais": 5}}, {"model": "vinmuebles.estado", "pk": 73, "fields": {"nombreEstado": "Anzo\u00e1tegui", "pais": 5}}, {"model": "vinmuebles.estado", "pk": 74, "fields": {"nombreEstado": "Monagas", "pais": 5}}, {"model": "vinmuebles.estado", "pk": 75, "fields": {"nombreEstado": "Dependencias Federales", "pais": 5}}, {"model": "vinmuebles.primeradivisionadministrativa", "pk": 45, "fields": {"nombreDivision": "Libertador", "estado": 56}}, {"model": "vinmuebles.primeradivisionadministrativa", "pk": 46, "fields": {"nombreDivision": "Acevedo", "estado": 51}}, {"model": "vinmuebles.primeradivisionadministrativa", "pk": 47, "fields": {"nombreDivision": "Andr\u00e9s Bello", "estado": 51}}, {"model": "vinmuebles.primeradivisionadministrativa", "pk": 48, "fields": {"nombreDivision": "Baruta", "estado": 51}}, {"model": "vinmuebles.primeradivisionadministrativa", "pk": 49, "fields": {"nombreDivision": "Bri\u00f3n", "estado": 51}}, {"model": "vinmuebles.primeradivisionadministrativa", "pk": 50, "fields": {"nombreDivision": "Bol\u00edvar", "estado": 51}}, {"model": "vinmuebles.primeradivisionadministrativa", "pk": 51, "fields": {"nombreDivision": "Buroz", "estado": 51}}, {"model": "vinmuebles.primeradivisionadministrativa", "pk": 52, "fields": {"nombreDivision": "Carrizal", "estado": 51}}, {"model": "vinmuebles.primeradivisionadministrativa", "pk": 53, "fields": {"nombreDivision": "Chacao", "estado": 51}}, {"model": "vinmuebles.primeradivisionadministrativa", "pk": 54, "fields": {"nombreDivision": "El Hatillo", "estado": 51}}, {"model": "vinmuebles.primeradivisionadministrativa", "pk": 55, "fields": {"nombreDivision": "Guaicaipuro", "estado": 51}}, {"model": "vinmuebles.primeradivisionadministrativa", "pk": 56, "fields": {"nombreDivision": "Gual", "estado": 51}}, {"model": "vinmuebles.primeradivisionadministrativa", "pk": 57, "fields": {"nombreDivision": "Independencia", "estado": 51}}, {"model": "vinmuebles.primeradivisionadministrativa", "pk": 58, "fields": {"nombreDivision": "Lander", "estado": 51}}, {"model": "vinmuebles.primeradivisionadministrativa", "pk": 59, "fields": {"nombreDivision": "Los Salias", "estado": 51}}, {"model": "vinmuebles.primeradivisionadministrativa", "pk": 60, "fields": {"nombreDivision": "P\u00e1ez", "estado": 51}}, {"model": "vinmuebles.primeradivisionadministrativa", "pk": 61, "fields": {"nombreDivision": "Paz Castillo", "estado": 51}}, {"model": "vinmuebles.primeradivisionadministrativa", "pk": 62, "fields": {"nombreDivision": "Plaza", "estado": 51}}, {"model": "vinmuebles.primeradivisionadministrativa", "pk": 63, "fields": {"nombreDivision": "Rojas", "estado": 51}}, {"model": "vinmuebles.primeradivisionadministrativa", "pk": 64, "fields": {"nombreDivision": "Sucre", "estado": 51}}, {"model": "vinmuebles.primeradivisionadministrativa", "pk": 65, "fields": {"nombreDivision": "Urdaneta", "estado": 51}}, {"model": "vinmuebles.primeradivisionadministrativa", "pk": 66, "fields": {"nombreDivision": "Zamora", "estado": 51}}, {"model": "vinmuebles.foto", "pk": 3, "fields": {"titulo": "certConf", "fotoPrincipalURL": "static/img/certConf.jpg"}}, {"model": "vinmuebles.ofertadeinmueble", "pk": 2, "fields": {"precio": "200000000.00", "divisa": 7, "descripcion": "Mi Casa", "tipoDeInmueble": 25, "tipoDeOperacion": 7, "antiguedadDeInmueble": 50, "numeroDeHabitaciones": 3, "numeroDeBanyos": 3, "nombreDelInmueble": "Casa 8", "numeroDeEstacionamientos": 1, "metrosDeConstruccion": 600, "metrosDeTerreno": 700, "direccion": "Direccion de la casa", "pais": 5, "estado": 51, "municipio": 54, "fotoPrincipalURL": "static/img/certConf.jpg", "sePuedeMostrar": true, "fechaDeCreacion": "2017-04-15", "fechaDeUltimaActualizacion": "2017-04-15", "comprado": false}}, {"model": "vinmuebles.fotossecundariasurls", "pk": 2, "fields": {"fotosSecundariaURL": "static/img/certConf.jpg", "inmueble": 2}}, {"model": "vinmuebles.caracteristicasadicionales", "pk": 2, "fields": {"caracteristica": "Tiene de todo", "inmueble": 2}}, {"model": "vinmuebles.instalacionescomodidades", "pk": 2, "fields": {"instalacion": "Tiene ascensor", "inmueble": 2}}, {"model": "vinmuebles.cercanias", "pk": 2, "fields": {"cercania": "Puesto de teque\u00f1os", "inmueble": 2}}, {"model": "vinmuebles.detalles", "pk": 2, "fields": {"detalle": "Es perfecto", "inmueble": 2}}, {"model": "vinmuebles.usuario", "pk": 2, "fields": {"nombres": "Georvic Alejandro", "apellidos": "Tur Rojas", "cedula": 25367182, "nacionalidad": 5, "direccion": "Una direcci\u00f3n", "telefono": "4324243243", "correo": "alexanderstower@gmail.com", "foto": 3}}, {"model": "auth.permission", "pk": 1, "fields": {"name": "Can add log entry", "content_type": 1, "codename": "add_logentry"}}, {"model": "auth.permission", "pk": 2, "fields": {"name": "Can change log entry", "content_type": 1, "codename": "change_logentry"}}, {"model": "auth.permission", "pk": 3, "fields": {"name": "Can delete log entry", "content_type": 1, "codename": "delete_logentry"}}, {"model": "auth.permission", "pk": 4, "fields": {"name": "Can add permission", "content_type": 2, "codename": "add_permission"}}, {"model": "auth.permission", "pk": 5, "fields": {"name": "Can change permission", "content_type": 2, "codename": "change_permission"}}, {"model": "auth.permission", "pk": 6, "fields": {"name": "Can delete permission", "content_type": 2, "codename": "delete_permission"}}, {"model": "auth.permission", "pk": 7, "fields": {"name": "Can add user", "content_type": 3, "codename": "add_user"}}, {"model": "auth.permission", "pk": 8, "fields": {"name": "Can change user", "content_type": 3, "codename": "change_user"}}, {"model": "auth.permission", "pk": 9, "fields": {"name": "Can delete user", "content_type": 3, "codename": "delete_user"}}, {"model": "auth.permission", "pk": 10, "fields": {"name": "Can add group", "content_type": 4, "codename": "add_group"}}, {"model": "auth.permission", "pk": 11, "fields": {"name": "Can change group", "content_type": 4, "codename": "change_group"}}, {"model": "auth.permission", "pk": 12, "fields": {"name": "Can delete group", "content_type": 4, "codename": "delete_group"}}, {"model": "auth.permission", "pk": 13, "fields": {"name": "Can add content type", "content_type": 5, "codename": "add_contenttype"}}, {"model": "auth.permission", "pk": 14, "fields": {"name": "Can change content type", "content_type": 5, "codename": "change_contenttype"}}, {"model": "auth.permission", "pk": 15, "fields": {"name": "Can delete content type", "content_type": 5, "codename": "delete_contenttype"}}, {"model": "auth.permission", "pk": 16, "fields": {"name": "Can add session", "content_type": 6, "codename": "add_session"}}, {"model": "auth.permission", "pk": 17, "fields": {"name": "Can change session", "content_type": 6, "codename": "change_session"}}, {"model": "auth.permission", "pk": 18, "fields": {"name": "Can delete session", "content_type": 6, "codename": "delete_session"}}, {"model": "auth.permission", "pk": 19, "fields": {"name": "Can add estado", "content_type": 7, "codename": "add_estado"}}, {"model": "auth.permission", "pk": 20, "fields": {"name": "Can change estado", "content_type": 7, "codename": "change_estado"}}, {"model": "auth.permission", "pk": 21, "fields": {"name": "Can delete estado", "content_type": 7, "codename": "delete_estado"}}, {"model": "auth.permission", "pk": 22, "fields": {"name": "Can add fotos secundarias ur ls", "content_type": 8, "codename": "add_fotossecundariasurls"}}, {"model": "auth.permission", "pk": 23, "fields": {"name": "Can change fotos secundarias ur ls", "content_type": 8, "codename": "change_fotossecundariasurls"}}, {"model": "auth.permission", "pk": 24, "fields": {"name": "Can delete fotos secundarias ur ls", "content_type": 8, "codename": "delete_fotossecundariasurls"}}, {"model": "auth.permission", "pk": 25, "fields": {"name": "Can add tipo de inmueble", "content_type": 9, "codename": "add_tipodeinmueble"}}, {"model": "auth.permission", "pk": 26, "fields": {"name": "Can change tipo de inmueble", "content_type": 9, "codename": "change_tipodeinmueble"}}, {"model": "auth.permission", "pk": 27, "fields": {"name": "Can delete tipo de inmueble", "content_type": 9, "codename": "delete_tipodeinmueble"}}, {"model": "auth.permission", "pk": 28, "fields": {"name": "Can add detalles", "content_type": 10, "codename": "add_detalles"}}, {"model": "auth.permission", "pk": 29, "fields": {"name": "Can change detalles", "content_type": 10, "codename": "change_detalles"}}, {"model": "auth.permission", "pk": 30, "fields": {"name": "Can delete detalles", "content_type": 10, "codename": "delete_detalles"}}, {"model": "auth.permission", "pk": 31, "fields": {"name": "Can add caracteristicas adicionales", "content_type": 11, "codename": "add_caracteristicasadicionales"}}, {"model": "auth.permission", "pk": 32, "fields": {"name": "Can change caracteristicas adicionales", "content_type": 11, "codename": "change_caracteristicasadicionales"}}, {"model": "auth.permission", "pk": 33, "fields": {"name": "Can delete caracteristicas adicionales", "content_type": 11, "codename": "delete_caracteristicasadicionales"}}, {"model": "auth.permission", "pk": 34, "fields": {"name": "Can add tipo de operacion", "content_type": 12, "codename": "add_tipodeoperacion"}}, {"model": "auth.permission", "pk": 35, "fields": {"name": "Can change tipo de operacion", "content_type": 12, "codename": "change_tipodeoperacion"}}, {"model": "auth.permission", "pk": 36, "fields": {"name": "Can delete tipo de operacion", "content_type": 12, "codename": "delete_tipodeoperacion"}}, {"model": "auth.permission", "pk": 37, "fields": {"name": "Can add primera division administrativa", "content_type": 13, "codename": "add_primeradivisionadministrativa"}}, {"model": "auth.permission", "pk": 38, "fields": {"name": "Can change primera division administrativa", "content_type": 13, "codename": "change_primeradivisionadministrativa"}}, {"model": "auth.permission", "pk": 39, "fields": {"name": "Can delete primera division administrativa", "content_type": 13, "codename": "delete_primeradivisionadministrativa"}}, {"model": "auth.permission", "pk": 40, "fields": {"name": "Can add pais", "content_type": 14, "codename": "add_pais"}}, {"model": "auth.permission", "pk": 41, "fields": {"name": "Can change pais", "content_type": 14, "codename": "change_pais"}}, {"model": "auth.permission", "pk": 42, "fields": {"name": "Can delete pais", "content_type": 14, "codename": "delete_pais"}}, {"model": "auth.permission", "pk": 43, "fields": {"name": "Can add usuario", "content_type": 15, "codename": "add_usuario"}}, {"model": "auth.permission", "pk": 44, "fields": {"name": "Can change usuario", "content_type": 15, "codename": "change_usuario"}}, {"model": "auth.permission", "pk": 45, "fields": {"name": "Can delete usuario", "content_type": 15, "codename": "delete_usuario"}}, {"model": "auth.permission", "pk": 46, "fields": {"name": "Can add divisa", "content_type": 16, "codename": "add_divisa"}}, {"model": "auth.permission", "pk": 47, "fields": {"name": "Can change divisa", "content_type": 16, "codename": "change_divisa"}}, {"model": "auth.permission", "pk": 48, "fields": {"name": "Can delete divisa", "content_type": 16, "codename": "delete_divisa"}}, {"model": "auth.permission", "pk": 49, "fields": {"name": "Can add cercanias", "content_type": 17, "codename": "add_cercanias"}}, {"model": "auth.permission", "pk": 50, "fields": {"name": "Can change cercanias", "content_type": 17, "codename": "change_cercanias"}}, {"model": "auth.permission", "pk": 51, "fields": {"name": "Can delete cercanias", "content_type": 17, "codename": "delete_cercanias"}}, {"model": "auth.permission", "pk": 52, "fields": {"name": "Can add instalaciones comodidades", "content_type": 18, "codename": "add_instalacionescomodidades"}}, {"model": "auth.permission", "pk": 53, "fields": {"name": "Can change instalaciones comodidades", "content_type": 18, "codename": "change_instalacionescomodidades"}}, {"model": "auth.permission", "pk": 54, "fields": {"name": "Can delete instalaciones comodidades", "content_type": 18, "codename": "delete_instalacionescomodidades"}}, {"model": "auth.permission", "pk": 55, "fields": {"name": "Can add oferta de inmueble", "content_type": 19, "codename": "add_ofertadeinmueble"}}, {"model": "auth.permission", "pk": 56, "fields": {"name": "Can change oferta de inmueble", "content_type": 19, "codename": "change_ofertadeinmueble"}}, {"model": "auth.permission", "pk": 57, "fields": {"name": "Can delete oferta de inmueble", "content_type": 19, "codename": "delete_ofertadeinmueble"}}, {"model": "auth.permission", "pk": 58, "fields": {"name": "Can add foto", "content_type": 20, "codename": "add_foto"}}, {"model": "auth.permission", "pk": 59, "fields": {"name": "Can change foto", "content_type": 20, "codename": "change_foto"}}, {"model": "auth.permission", "pk": 60, "fields": {"name": "Can delete foto", "content_type": 20, "codename": "delete_foto"}}]